Data,CAD,LC,Agua Inicial,ETC,Precipitacao,Irrigacao,Agua Final,Excesso
45200.000000,16,8,16,4.1,0,0,11.9,3.9
45201.000000,16,8,11.9,2.5,13.8,0,23.2,15.2
45202.000000,18.7,9.35,23.2,3.7,0,10,29.5,20.15
45203.000000,23.1,11.55,29.5,3.8,0,0,25.7,14.15
45204.000000,26.8,13.4,25.7,2.8,0,12,34.9,21.5
45205.000000,30.1,15.05,34.9,3.3,0.8,12,44.4,29.35
45206.000000,33.1,16.55,44.4,3.2,6.8,12,60,43.45
45207.000000,36,18,60,3.7,0,12,68.3,50.3
45208.000000,38.6,19.3,68.3,3.1,1.3,12,78.5,59.2
45209.000000,41.2,20.6,78.5,2.6,0.2,12,88.1,67.5
45210.000000,43.7,21.85,88.1,3,0,12,97.1,75.25
45211.000000,46,23,97.1,6.3,0,12,102.8,79.8
45212.000000,48.3,24.15,102.8,5.6,0,12,109.2,85.05
45213.000000,50.5,25.25,109.2,3.7,0,12,117.5,92.25
45214.000000,52.7,26.35,117.5,4.5,0,12,125,98.65
45215.000000,54.8,27.4,125,3.3,0,12,133.7,106.3
45216.000000,56.8,28.4,133.7,6.9,0,12,138.8,110.4
45217.000000,58.9,29.45,138.8,6.7,0,12,144.1,114.65
45218.000000,60.8,30.4,144.1,5.6,0,12,150.5,120.1
45219.000000,62.8,31.4,150.5,4.7,0,10,155.8,124.4
45220.000000,64.6,32.3,155.8,3.8,8.6,12,172.6,140.3
45221.000000,66.5,33.25,172.6,5.7,0,12,178.9,145.65
45222.000000,68.3,34.15,178.9,7.2,0,6,177.7,143.55
45223.000000,70.1,35.05,177.7,6,0,12,183.7,148.65
45224.000000,71.8,35.9,183.7,6.6,0.2,12,189.3,153.4
45225.000000,73.6,36.8,189.3,3.6,2.8,12,200.5,163.7
45226.000000,75.3,37.65,200.5,3.5,0,0,197,159.35
45227.000000,77,38.5,197,4,0,12,205,166.5
45228.000000,78.8,39.4,205,5.4,5.5,12,217.1,177.7
45229.000000,80.4,40.2,217.1,7.5,0,12,221.6,181.4
45230.000000,82.1,41.05,221.6,6.3,0,12,227.3,186.25
45231.000000,83.6,41.8,227.3,4.4,4,12,238.9,197.1
45232.000000,85.2,42.6,238.9,6.9,0.5,12,244.5,201.9
45233.000000,86.9,43.45,244.5,3,7,12,260.5,217.05
45234.000000,88.4,44.2,260.5,2.6,0,12,269.9,225.7
45235.000000,89.9,44.95,269.9,4.3,2,5,272.6,227.65
45236.000000,91.5,45.75,272.6,3.8,0,12,280.8,235.05
45237.000000,93,46.5,280.8,4.4,0,12,288.4,241.9
45238.000000,94.5,47.25,288.4,5.5,0,12,294.9,247.65
45239.000000,96,48,294.9,5.5,0,12,301.4,253.4
45240.000000,96,48,301.4,6,0,12,307.4,259.4
45241.000000,96,48,307.4,6.6,0,12,312.8,264.8
45242.000000,96,48,312.8,7.2,0,12,317.6,269.6
45243.000000,96,48,317.6,8,0,12,321.6,273.6
45244.000000,96,48,321.6,6.6,0,12,327,279
45245.000000,96,48,327,8.1,0,12,330.9,282.9
45246.000000,96,48,330.9,8.9,0,12,334,286
45247.000000,96,48,334,7.7,0,12,338.3,290.3
45248.000000,96,48,338.3,5.1,0.6,12,345.8,297.8
45249.000000,96,48,345.8,5,0,12,352.8,304.8
45250.000000,96,48,352.8,1.9,1.8,12,364.7,316.7
45251.000000,96,48,364.7,3.9,0.8,12,373.6,325.6
45252.000000,96,48,373.6,2.2,8.6,12,392,344
45253.000000,96,48,392,4.3,0,0,387.7,339.7
45254.000000,96,48,387.7,6.4,0.1,12,393.4,345.4
45255.000000,96,48,393.4,5.4,2.8,12,402.8,354.8
45256.000000,96,48,402.8,5.6,0,12,409.2,361.2
45257.000000,96,48,409.2,4.8,8.1,12,424.5,376.5
45258.000000,96,48,424.5,5.8,0,12,430.7,382.7
45259.000000,96,48,430.7,4.8,0,12,437.9,389.9
45260.000000,96,48,437.9,4.8,0,12,445.1,397.1
45261.000000,96,48,445.1,3.1,5.4,12,459.4,411.4
45262.000000,96,48,459.4,5.6,0,12,465.8,417.8
45263.000000,96,48,465.8,5.4,6.2,12,478.6,430.6
45264.000000,96,48,478.6,3.7,4,12,490.9,442.9
45265.000000,96,48,490.9,3.9,2.9,12,501.9,453.9
45266.000000,96,48,501.9,4.2,14.4,12,524.1,476.1
45267.000000,96,48,524.1,5.8,0,10,528.3,480.3
45268.000000,96,48,528.3,5.2,0,12,535.1,487.1
45269.000000,96,48,535.1,6.5,0,12,540.6,492.6
45270.000000,96,48,540.6,5.1,20.2,12,567.7,519.7
45271.000000,96,48,567.7,5.6,0,12,574.1,526.1
45272.000000,96,48,574.1,2.7,1.6,12,585,537
45273.000000,96,48,585,5.7,0,12,591.3,543.3
45274.000000,96,48,591.3,6.9,1.2,12,597.6,549.6
45275.000000,96,48,597.6,5.7,0,12,603.9,555.9
45276.000000,96,48,603.9,7.3,0,12,608.6,560.6
45277.000000,96,48,608.6,7.2,0,12,613.4,565.4
45278.000000,96,48,613.4,6.3,0,12,619.1,571.1
45279.000000,96,48,619.1,4.9,0.4,12,626.6,578.6
45280.000000,96,48,626.6,3.2,1.6,12,637,589
45281.000000,96,48,637,2.7,9.4,12,655.7,607.7
45282.000000,96,48,655.7,1.9,4.1,12,669.9,621.9
45283.000000,96,48,669.9,2.3,7.6,12,687.2,639.2
45284.000000,96,48,687.2,2.1,35.8,9,729.9,681.9
45285.000000,96,48,729.9,2.1,5.7,10,743.5,695.5
45286.000000,96,48,743.5,3.9,0.4,3,743,695
45287.000000,96,48,743,3.3,0.8,12,752.5,704.5
45288.000000,96,48,752.5,3.7,0,12,760.8,712.8
45289.000000,96,48,760.8,4.1,0,12,768.7,720.7
45290.000000,96,48,768.7,4.9,1.5,12,777.3,729.3
45291.000000,96,48,777.3,3.4,1,12,786.9,738.9
45292.000000,96,48,786.9,1.8,7.8,12,804.9,756.9
45293.000000,96,48,804.9,1,120.2,0,924.1,876.1
45294.000000,96,48,924.1,1.2,25,0,947.9,899.9
45295.000000,96,48,947.9,2.2,4.5,0,950.2,902.2
45296.000000,96,48,950.2,1.7,1.8,10,960.3,912.3
45297.000000,96,48,960.3,2.8,20.4,12,989.9,941.9
45298.000000,96,48,989.9,3.3,0,7,993.6,945.6
45299.000000,96,48,993.6,1.3,3,4,999.3,951.3
45300.000000,96,48,999.3,1.4,24.6,12,1034.5,986.5
45301.000000,96,48,1034.5,2,10.6,5,1048.1,1000.1
45302.000000,96,48,1048.1,3.2,4.8,10,1059.7,1011.7
45303.000000,96,48,1059.7,2.8,5.5,12,1074.4,1026.4
45304.000000,96,48,1074.4,1.8,14.6,3,1090.2,1042.2
45305.000000,96,48,1090.2,3,1,0,1088.2,1040.2
45306.000000,96,48,1088.2,1.8,18.4,6,1110.8,1062.8
45307.000000,96,48,1110.8,2.3,4.9,8,1121.4,1073.4
45308.000000,96,48,1121.4,2.5,0,0,1118.9,1070.9
45309.000000,96,48,1118.9,3.1,1.6,12,1129.4,1081.4
45310.000000,96,48,1129.4,3.2,0.3,3,1129.5,1081.5
45311.000000,96,48,1129.5,2.9,0,0,1126.6,1078.6
45312.000000,96,48,1126.6,3.4,0.1,4,1127.3,1079.3
45313.000000,96,48,1127.3,1.9,2.4,10,1137.8,1089.8
45314.000000,96,48,1137.8,1.4,2.6,5,1144,1096
45315.000000,64,32,1144,1.3,0.6,12,1155.3,1123.3
45316.000000,64,32,1155.3,1.5,18.6,5,1177.4,1145.4
45317.000000,64,32,1177.4,1.1,1.4,0,1177.7,1145.7
45318.000000,64,32,1177.7,1.8,24,0,1199.9,1167.9
45319.000000,64,32,1199.9,1.5,4.8,0,1203.2,1171.2
